{
  "project_info": {
    "project_number": "507584634946",
    "project_id": "hellome-f8034",
    "storage_bucket": "hellome-f8034.appspot.com"
  },
  "client": [
    {
      "client_info": {
        "mobilesdk_app_id": "1:507584634946:android:78fb4bf63abcfea9800ddb",
        "android_client_info": {
          "package_name": "com.technion.android.hello_me"
        }
      },
      "oauth_client": [
        {
          "client_id": "507584634946-3fvpbi3gh9gmv1j3t2te0o1s9bug2jeh.apps.googleusercontent.com",
          "client_type": 3
        }
      ],
      "api_key": [
        {
          "current_key": "AIzaSyD1fWi2WWGsGDdpfdZU9nMwrPUURZR4ed8"
        }
      ],
      "services": {
        "appinvite_service": {
          "other_platform_oauth_client": [
            {
              "client_id": "507584634946-3fvpbi3gh9gmv1j3t2te0o1s9bug2jeh.apps.googleusercontent.com",
              "client_type": 3
            }
          ]
        }
      }
    }
  ],
  "configuration_version": "1"
}